Fall 2026 Academic Calendar

Sunday, March 1, 2026
– Fall 2026 course schedule published in eServices
– Fall 2026 early priority undergraduate application deadline

Monday, March 23, 2026
– Fall 2026 registration begins in eServices

Monday, June 1, 2026
– Fall 2026 priority undergraduate application deadline

Monday, June 8, 2026
– Fall 2026 OPEN (visiting students) registration begins in eServices

Monday, July 20, 2026
– Fall 2026 bookstore credit program begins

Saturday, August 1, 2026
– Fall 2026 final undergraduate application deadline

Monday, August 3, 2026
– Fall 2026 tuition payment deadline

Wednesday, August 12, 2026
– Fall 2026 first session and full session courses low enrollment cancellation

Monday, August 17, 2026
– Fall 2026 faculty duty days begin

Wednesday, August 19, 2026
– Fall 2026 wait list closes at 11:59 AM (Noon)

Saturday, August 22, 2026
– Fall 2026 first session and full session courses begin

Friday, August 28, 2026
– Fall 2026 first session and full session courses last date to drop with a refund
– Fall 2026 Graduation Requirements Workshop (GRW) registration deadline

Monday, August 31, 2026
– Fall 2026 bookstore credit program ends

Saturday, September 5, 2026
– Labor Day holiday (no classes, buildings closed)

Sunday, September 6, 2026
– Labor Day holiday (no classes, buildings closed)

Monday, September 7, 2026
– Labor Day holiday (no classes, buildings closed)

Friday, September 11, 2026
– Fall 2026 financial aid disbursement begins

Monday, October 5, 2026
– Fall 2026 second session courses low enrollment cancellation

Monday, October 12, 2026
– Indigenous People’s Day (classes held, buildings open)
– Fall 2026 first session courses end

Wednesday, October 14, 2026
– Fall 2026 second session courses begin

Tuesday, October 20, 2026
– Fall 2026 second session courses last date to drop with a refund

Friday, October 30, 2026
– Fall 2026 alternative learning strategies registration deadline

Wednesday, November 11, 2026
– Veterans Day (no classes, buildings closed)

Wednesday, November 25, 2026
– Thanksgiving holiday (no evening classes)

Thursday, November 26, 2026
– Thanksgiving holiday (no classes, buildings closed)

Friday, November 27, 2026
– Thanksgiving holiday (no classes, buildings closed)

Saturday, November 28, 2026
– Thanksgiving holiday (no classes, buildings closed)

Sunday, November 29, 2026
– Thanksgiving holiday (no classes, buildings closed)

Sunday, December 13, 2026
– Fall 2026 second session and full session semester courses end
– Fall 2026 graduation posting date

Tuesday, December 15, 2026
– Fall 2026 faculty duty days end

Wednesday, December 16, 2026
– Fall 2026 grades are due (11:59 PM)

Monday, December 21, 2026
– Holiday week (buildings closed, limited services)

Tuesday, December 22, 2026
– Holiday week (buildings closed, limited services)

Wednesday, December 23, 2026
– Holiday week (buildings closed, limited services)

Thursday, December 24, 2026
– Winter holiday (buildings closed)

Friday, December 25, 2026
– Winter holiday (buildings closed)

Saturday, December 26, 2026
– Winter holiday (buildings closed)

Sunday, December 27, 2026
– Holiday week (buildings closed, limited services)

Monday, December 28, 2026
– Holiday week (buildings closed, limited services)

Tuesday, December 29, 2026
– Holiday week (buildings closed, limited services)

Wednesday, December 30, 2026
– Holiday week (buildings closed, limited services)

Thursday, December 31, 2026
– Holiday week (buildings closed, limited services)

Friday, January 1, 2027
– New Year’s Day holiday (buildings closed)