Fall 2025 Academic Calendar

Saturday, March 1, 2025
– Fall 2025 course schedule published in eServices
– Fall 2025 early priority admissions application deadline

Monday, March 17, 2025
– Fall 2025 registration begins in eServices

Sunday, June 1, 2025
– Fall 2025 priority admissions application deadline

Monday, June 9, 2025
– Fall 2025 OPEN (visiting students) registration begins in eServices

Monday, July 21, 2025
– Fall 2025 bookstore credit program begins

Monday, July 28, 2025
– Fall 2025 final admissions application deadline

Monday, August 4, 2025
– Fall 2025 tuition payment deadline

Wednesday, August 13, 2025
– Fall 2025 first session and full session courses low enrollment cancellation deadline

Monday, August 18, 2025
– Fall 2025 faculty duty days begin

Wednesday, August 20, 2025
– Fall 2025 wait list closes at 11:59 AM (Noon)

Saturday, August 23, 2025
– Fall 2025 first session and full session courses begin

Friday, August 29, 2025
– Fall 2025 first session and full session courses last date to drop with a refund
– Fall 2025 Graduation Requirements Workshop (GRW) registration deadline

Saturday, August 30, 2025
– Labor Day holiday (no classes, buildings closed)

Sunday, August 31, 2025
– Labor Day holiday (no classes, buildings closed)

Monday, September 1, 2025
– Labor Day holiday (no classes, buildings closed)
– Fall 2025 bookstore credit program ends

Monday, September 22, 2025
– 2025–2026 State Aid application due

Friday, October 10, 2025
– Fall 2025 second session courses low enrollment cancellation

Monday, October 13, 2025
– Indigenous People’s Day (classes held, buildings open)
– Fall 2025 first session courses end

Tuesday, October 21, 2025
– Fall 2025 second session courses begin

Friday, October 24, 2025
– Fall 2025 alternative learning strategies registration deadline

Saturday, October 25, 2025
– Graduation Expo

Tuesday, October 28, 2025
– Fall 2025 second session courses last date to drop with a refund

Tuesday, November 11, 2025
– Veterans Day (classes held, offices open — Observed)

Saturday, November 22, 2025
– Fall 2025 President’s Outstanding Student Award Reception (by invitation only)

Wednesday, November 26, 2025
– Thanksgiving holiday (no evening classes)

Thursday, November 27, 2025
– Thanksgiving holiday (no classes, buildings closed)

Friday, November 28, 2025
– Thanksgiving holiday (no classes, buildings closed)

Saturday, November 29, 2025
– Thanksgiving holiday (no classes, buildings closed)

Sunday, November 30, 2025
– Thanksgiving holiday (no classes, buildings closed)

Monday, December 8, 2025
– Fall 2025 Satisfactory Academic Appeals are due
– Fall 2025 Maximum Time Frame Appeals are due

Wednesday, December 10, 2025
– Fall 2025 financial aid verification priority date
– Fall 2025 consortium agreements due
– Fall 2025 Federal Direct Student Loans must be accepted by this date

Sunday, December 14, 2025
– Fall 2025 second session and full session semester courses end
– Fall 2025 graduation posting date

Monday, December 15, 2025
– Fall 2025 Commencement Ceremonies

Tuesday, December 16, 2025
– Fall 2025 grades are due (11:59 PM)
– Fall 2025 faculty duty days end

Monday, December 22, 2025
– Holiday week (buildings open, limited services)

Tuesday, December 23, 2025
– Holiday week (buildings open, limited services)

Wednesday, December 24, 2025
– Winter holiday (buildings closed)

Thursday, December 25, 2025
– Winter holiday (buildings closed)

Friday, December 26, 2025
– Winter holiday (buildings closed)

Saturday, December 27, 2025
– Winter holiday (buildings closed)

Sunday, December 28, 2025
– Winter holiday (buildings closed)

Monday, December 29, 2025
– Holiday week (buildings open, limited services)

Tuesday, December 30, 2025
– Holiday week (buildings open, limited services)

Wednesday, December 31, 2025
– Holiday week (buildings open, limited services)

Thursday, January 1, 2026
– New Year’s Day holiday (buildings closed)

Friday, January 2, 2026
– Holiday week (buildings open, limited services)

Saturday, January 3, 2026
– Holiday week (buildings open, limited services)

Sunday, January 4, 2026
– Holiday week (buildings open, limited services)

Monday, June 1, 2026
– Fall 2025 Special Circumstance Appeals are due

Tuesday, June 30, 2026
– 2025–2026 Federal Student Aid application due